LABEL,ID,TRACK_ID,QUALITY,POSITION_X,POSITION_Y,POSITION_Z,POSITION_T,FRAME,RADIUS,VISIBILITY,MANUAL_SPOT_COLOR,MEAN_INTENSITY_CH1,MEDIAN_INTENSITY_CH1,MIN_INTENSITY_CH1,MAX_INTENSITY_CH1,TOTAL_INTENSITY_CH1,STD_INTENSITY_CH1,CONTRAST_CH1,SNR_CH1
Label,Spot ID,Track ID,Quality,X,Y,Z,T,Frame,Radius,Visibility,Manual spot color,Mean intensity ch1,Median intensity ch1,Min intensity ch1,Max intensity ch1,Sum intensity ch1,Std intensity ch1,Contrast ch1,Signal/Noise ratio ch1
Label,Spot ID,Track ID,Quality,X,Y,Z,T,Frame,R,Visibility,Spot color,Mean ch1,Median ch1,Min ch1,Max ch1,Sum ch1,Std ch1,Ctrst ch1,SNR ch1
,,,(quality),(µm),(µm),(µm),(frame),,(µm),,,(counts),(counts),(counts),(counts),(counts),(counts),,
ID2241,2241,2,-1.0,38.801004345712485,32.223003608976406,9.0,0.0,0,5.0,1,r=11;g=11;b=0,175.58437358742077,68.74263000488281,15.248160362243652,2200.33349609375,5493508.296429634,273.5264090575583,0.4455928164488831,0.3957389468207553
ID2369,2369,27,-1.0,25.093002810416312,20.815002331280258,12.0,0.0,0,5.0,1,r=11;g=11;b=0,158.30946259384748,59.78538131713867,16.429533004760742,2188.861083984375,4953028.156173706,249.11382659886678,0.39881003518493746,0.362365110454472
ID2433,2433,33,-1.0,18.92900212004824,13.915001558480174,14.0,0.0,0,5.0,1,r=11;g=11;b=0,137.58457893971215,59.77713394165039,14.776710510253906,1521.79443359375,4304608.721286774,197.03503410751992,0.3789193520670339,0.3837639898806916
ID2182,2182,15,-1.0,52.37100586555266,42.98700481454454,5.0,0.0,0,5.0,1,r=11;g=11;b=0,153.73652334993886,57.45832443237305,14.330191612243652,3360.68798828125,4809954.606049538,270.5583056666272,0.3335218996348215,0.2842303070031197
ID2312,2312,22,-1.0,33.51100375323242,21.64300242401627,11.0,0.0,0,5.0,1,r=11;g=11;b=0,142.46947346153678,55.81171417236328,15.765369415283203,1806.9990234375,4457442.416191101,215.29729948621772,0.34696483020357566,0.34091211210395755
ID2378,2378,28,-1.0,24.35700272798431,18.79100210459224,12.0,0.0,0,5.0,1,r=11;g=11;b=0,177.04936319082287,70.64335632324219,14.776710510253906,2188.861083984375,5539343.426151276,266.12611450800205,0.4604453497787663,0.4194977660968429
ID2506,2506,,-1.0,45.01100504123257,36.547004093264455,8.0,0.0,0,5.0,1,r=11;g=11;b=0,195.20720001703774,65.49417877197266,11.760361671447754,3596.56103515625,6107447.66693306,338.17436597926223,0.46373143391865074,0.3657550062952096
ID2509,2509,,-1.0,48.967005484304615,36.455004082960464,8.0,0.0,0,5.0,1,r=11;g=11;b=0,185.1580162924073,59.109901428222656,11.68228816986084,3596.56103515625,5793038.855740547,353.26707043593433,0.4458021186063387,0.3232232772389202
ID2126,2126,10,-1.0,50.669005674928634,37.78900423236848,7.0,0.0,0,5.0,1,r=11;g=11;b=0,192.04600724699353,61.45814895629883,11.68228816986084,3596.56103515625,6008543.428736687,357.0443722161095,0.47507988379840843,0.3464688440629348
ID2000,2000,0,-1.0,40.68700455694451,35.99500403144045,8.0,0.0,0,5.0,1,r=11;g=11;b=0,159.4960511270037,54.45199203491211,16.154964447021484,2200.33349609375,4990152.951610565,267.1005590638722,0.3789117475968457,0.3281759357638667
ID2065,2065,4,-1.0,44.82700502062456,34.61500387688044,7.0,0.0,0,5.0,1,r=11;g=11;b=0,207.06811691926973,70.44983673095703,12.692951202392578,3596.56103515625,6478540.174053192,346.9735620533932,0.4874460555458232,0.39113995470610047
ID2130,2130,11,-1.0,52.18700584494465,38.939004361168486,5.0,0.0,0,5.0,1,r=11;g=11;b=0,176.5880761220463,63.643280029296875,11.68228816986084,3360.68798828125,5524911.137630463,300.7249761472111,0.40899588710185025,0.3409032071101496
ID2258,2258,18,-1.0,37.05300414993647,30.88900345956839,10.0,0.0,0,5.0,1,r=11;g=11;b=0,157.87519046092615,57.274932861328125,13.11508846282959,2200.33349609375,4939441.083950996,262.22110782805913,0.4064481826814252,0.3479827253708944
ID2450,2450,35,-1.0,24.817002779504314,14.053001573936177,12.0,0.0,0,5.0,1,r=11;g=11;b=0,143.67686167841435,51.059593200683594,14.776710510253906,2188.861083984375,4495217.97133255,248.72470850922466,0.3642468001167639,0.3084613107211319
ID2069,2069,5,-1.0,43.447004866064546,32.95900369140842,7.0,0.0,0,5.0,1,r=11;g=11;b=0,192.94331444260425,67.59876251220703,16.16313362121582,3581.552978515625,6036617.478965759,314.4522590917989,0.46107328242338724,0.3872602924896972
ID2391,2391,29,-1.0,30.429003408048384,18.377002058224235,11.0,0.0,0,5.0,1,r=11;g=11;b=0,167.6687912260175,63.30079650878906,19.976673126220703,2188.861083984375,5245853.471088409,247.93741766567828,0.4401810876991891,0.4133847309240352
ID2394,2394,30,-1.0,29.41700329470437,17.50300196033622,11.0,0.0,0,5.0,1,r=11;g=11;b=0,167.13411299098038,63.4398078918457,19.905569076538086,2188.861083984375,5229124.993148804,246.87125496673093,0.43858578094581735,0.4128034858469764
ID2271,2271,19,-1.0,38.065004263280485,26.88700301134434,9.0,0.0,0,5.0,1,r=11;g=11;b=0,147.00090740311273,55.33802795410156,13.11508846282959,2108.761474609375,4599217.389921188,243.44421793318443,0.37267759286474245,0.3278802702928231
ID2335,2335,24,-1.0,32.54500364504041,20.99900235188827,11.0,0.0,0,5.0,1,r=11;g=11;b=0,153.25352093448507,61.880191802978516,15.765369415283203,1629.0887451171875,4794842.909477234,220.77852952720275,0.38989575624107065,0.3894483781463995
ID2472,2472,36,-1.0,19.987002238544253,11.385001275120144,13.0,0.0,0,5.0,1,r=11;g=11;b=0,131.6446512235519,55.85551834106445,14.776710510253906,1493.5389404296875,4118766.2028312683,190.07642429735137,0.3642387500250026,0.36982879820119613
ID2089,2089,6,-1.0,45.14900505668857,38.20300427873648,8.0,0.0,0,5.0,1,r=11;g=11;b=0,175.01572471970042,53.71318817138672,11.68228816986084,3596.56103515625,5475716.979305267,329.4534662370748,0.4093895462258994,0.30861617763444477
ID2413,2413,31,-1.0,27.761003109232348,17.36500194488022,12.0,0.0,0,5.0,1,r=11;g=11;b=0,186.5723296110691,77.98560333251953,16.429533004760742,2188.861083984375,5837288.476541519,266.73259893484135,0.48869893712854096,0.45923570821910437
ID2222,2222,16,-1.0,57.13827912676,40.678640919644145,5.0,0.0,0,5.0,1,r=11;g=11;b=0,108.39947967661587,50.47782516479492,11.830456733703613,1610.815673828125,3391494.5206422806,162.117146232895,0.1705316077834535,0.19482737730575383
ID2479,2479,37,-1.0,22.655002537360286,13.225001481200167,12.0,0.0,0,5.0,1,r=11;g=11;b=0,137.63098654699917,54.22734069824219,14.776710510253906,2022.2635498046875,4306060.6760959625,223.20609689596665,0.344563616429701,0.3160299389094841
ID2161,2161,13,-1.0,50.16300561825663,41.88300469089653,5.0,0.0,0,5.0,1,r=11;g=11;b=0,158.3141222262263,57.34670639038086,11.68228816986084,3360.68798828125,4953173.942091942,282.9112114736489,0.3475498134421488,0.2886501091253337
ID2226,2226,17,-1.0,40.917004582704514,29.555003310160373,9.0,0.0,0,5.0,1,r=11;g=11;b=0,169.67178859019373,59.189022064208984,13.734905242919922,2200.33349609375,5308521.249621391,276.58788658691617,0.41946172997631515,0.36255603060141833
ID2356,2356,25,-1.0,27.117003037104343,21.873002449776276,11.0,0.0,0,5.0,1,r=11;g=11;b=0,171.3522957804166,71.2326431274414,15.765369415283203,2188.861083984375,5361099.278081894,247.4336409595432,0.4450319196330538,0.42655486396888953
ID2420,2420,32,-1.0,18.515002073680233,15.663001754256198,14.0,0.0,0,5.0,1,r=11;g=11;b=0,120.12301837992958,47.68596267700195,14.776710510253906,1521.79443359375,3758288.8760528564,190.44792066086515,0.3028968326553443,0.2932680155012723
ID2105,2105,8,-1.0,48.23100540187261,35.48900397476845,7.0,0.0,0,5.0,1,r=11;g=11;b=0,179.05668202675548,58.25213623046875,11.68228816986084,3596.56103515625,5602146.410571098,341.86163644587134,0.42137160142829,0.31054732288584364
ID2298,2298,21,-1.0,29.279003279248368,23.5750026404003,12.0,0.0,0,5.0,1,r=11;g=11;b=0,148.12707375804936,60.66388702392578,15.765369415283203,1629.0887451171875,4634451.756668091,212.5108353285893,0.3629381356052692,0.3712272269513533
ID2044,2044,3,-1.0,42.34300474241653,37.099004155088465,8.0,0.0,0,5.0,1,r=11;g=11;b=0,167.41190693433086,52.99753189086914,12.692951202392578,3596.56103515625,5237816.33225441,309.2179505835201,0.38860776904429545,0.30302853733880275
ID2172,2172,14,-1.0,48.875005474000616,40.963004587856524,5.0,0.0,0,5.0,1,r=11;g=11;b=0,172.29013327547577,58.10580825805664,11.68228816986084,3596.56103515625,5390441.39978981,317.88120051878536,0.3904356935085214,0.3043856429388366
ID2366,2366,26,-1.0,27.117003037104343,20.26300226945625,12.0,0.0,0,5.0,1,r=11;g=11;b=0,190.2331690064486,88.22801971435547,15.765369415283203,2188.861083984375,5951825.158704758,253.97561645118068,0.49599414618563226,0.4966733663486374
ID2179,2179,15,-1.0,51.61200578054465,42.64200477590454,6.0,1.0,1,5.0,1,r=11;g=11;b=0,123.86479924596671,57.03972244262695,22.019033432006836,2324.7685546875,3875357.97400856,185.65257216408,0.3086349180988467,0.3147048842008495
ID2371,2371,27,-1.0,25.231002825872316,19.113002140656242,12.0,1.0,1,5.0,1,r=11;g=11;b=0,195.19314144546752,65.88798522949219,20.738433837890625,2404.06298828125,6107007.816404343,305.3122342131611,0.4381866231441934,0.38957781047840395
ID2435,2435,33,-1.0,17.319001939728217,13.40900150180817,13.0,1.0,1,5.0,1,r=11;g=11;b=0,174.58446650880447,60.0087776184082,23.142215728759766,2816.61474609375,5462224.203660965,309.13352982607887,0.4215239523645846,0.334932706397445
ID2309,2309,22,-1.0,32.49900363988841,21.50500240856027,12.0,1.0,1,5.0,1,r=11;g=11;b=0,173.98213734420867,59.16147994995117,20.072256088256836,3312.84521484375,5443379.131088257,318.71931184362194,0.3809568007306638,0.30117707845919445
ID2063,2063,4,-1.0,44.82700502062456,34.707003887184435,7.0,1.0,1,5.0,1,r=11;g=11;b=0,193.653045665636,74.61233520507812,19.7359676361084,2916.14111328125,6058822.839740753,294.6354493832919,0.452667421636637,0.4096211493051496
ID2128,2128,10,-1.0,51.17500573160065,37.237004170544466,6.0,1.0,1,5.0,1,r=11;g=11;b=0,156.57591391729935,70.25138092041016,19.7359676361084,2324.7685546875,4898790.618730545,217.21133598136998,0.3822909606558308,0.39871908623671953
ID2191,2193,16,-1.0,59.747733964473476,40.14336813242087,7.0,1.0,1,5.0,1,r=11;g=11;b=0,86.42731336157803,53.193275451660156,26.280933380126953,654.4859619140625,2704051.353143692,81.0629121720429,0.15484830417644732,0.2859172246390624
ID2002,2002,0,-1.0,40.87100457755252,35.16700393870445,8.0,1.0,1,5.0,1,r=11;g=11;b=0,174.91723715045458,62.534847259521484,22.933061599731445,2916.14111328125,5472635.598726273,288.2529536495506,0.43063043588448374,0.3653138180533773
ID2389,2389,29,-1.0,30.06100336683238,18.055002022160224,11.0,1.0,1,5.0,1,r=11;g=11;b=0,213.1235517511646,68.65435028076172,21.634300231933594,3312.84521484375,6667996.563638687,347.9521482875095,0.4929245713727719,0.4044683283664761
ID2454,2454,35,-1.0,21.091002362192267,12.443001393616157,13.0,1.0,1,5.0,1,r=11;g=11;b=0,170.78837465236327,58.51190185546875,22.385425567626953,2330.994140625,5343455.877748489,297.8608951776664,0.35440439323239514,0.30007205588125657
ID2071,2071,5,-1.0,43.81500490728055,33.05100370171242,7.0,1.0,1,5.0,1,r=11;g=11;b=0,194.80448224979114,72.16123962402344,22.933061599731445,2916.14111328125,6094847.836149216,301.7904462994436,0.45837041709622517,0.4057627622594071
ID2459,2459,36,-1.0,19.297002161264246,10.557001182384132,14.0,1.0,1,5.0,1,r=11;g=11;b=0,170.16636446191606,58.93540954589844,23.142215728759766,2816.61474609375,5323995.044919968,308.555459842906,0.3770200292503049,0.30199144905815023
ID2140,2140,11,-1.0,52.50900588100866,38.75500434056048,6.0,1.0,1,5.0,1,r=11;g=11;b=0,141.70280236186196,71.371337890625,22.019033432006836,2324.7685546875,4433455.577495575,187.53092708068536,0.348318106643959,0.3904084584947807
ID2268,2268,19,-1.0,38.065004263280485,27.20900304740834,9.0,1.0,1,5.0,1,r=11;g=11;b=0,160.86927818478546,57.76721954345703,16.34034538269043,3039.279052734375,5033117.106567383,283.26035862648183,0.35884998093096276,0.29995680774867695
ID2396,2396,30,-1.0,29.555003310160373,16.261001821232206,11.0,1.0,1,5.0,1,r=11;g=11;b=0,179.34602752429745,54.53402328491211,26.09546661376953,2404.06298828125,5611199.163152695,292.65754378591396,0.4127676997652098,0.358093948684922
ID2142,2142,12,-1.0,53.291005968592664,39.85900446420851,6.0,1.0,1,5.0,1,r=11;g=11;b=0,139.6500848209953,70.62569427490234,22.019033432006836,2324.7685546875,4369232.203794479,185.7463459350228,0.3550401673771346,0.3939818734563299
ID2273,2273,20,-1.0,37.00700414478446,25.829002892848326,9.0,1.0,1,5.0,1,r=11;g=11;b=0,155.95576819242063,57.542144775390625,16.34034538269043,3039.279052734375,4879388.119436264,273.6829858637542,0.35024707570360913,0.2956275547241719
ID2338,2338,24,-1.0,31.395003516240397,20.493002295216257,12.0,1.0,1,5.0,1,r=11;g=11;b=0,195.70350764936015,66.46074676513672,21.634300231933594,3312.84521484375,6122975.643825531,329.6791603199429,0.44346955258605986,0.36474831144010783
ID2025,2025,1,-1.0,39.6750044436005,33.60300376353642,8.0,1.0,1,5.0,1,r=11;g=11;b=0,185.75762296476617,65.50684356689453,23.194385528564453,2916.14111328125,5811798.749698639,303.8323938332814,0.4513856999772905,0.3802835346223887
ID2091,2091,6,-1.0,46.621005221552586,37.55900420660848,8.0,1.0,1,5.0,1,r=11;g=11;b=0,158.0034571276471,67.69688415527344,19.7359676361084,2324.7685546875,4943454.163152695,231.4659815805214,0.35026927514015804,0.35415311914966774
ID2411,2411,31,-1.0,27.57700308862435,16.72100187275221,12.0,1.0,1,5.0,1,r=11;g=11;b=0,209.39434385432278,76.84078979492188,20.738433837890625,2404.06298828125,6551320.8361701965,307.23674687576136,0.48656248139814373,0.44614623669313397
ID2159,2159,13,-1.0,50.669005674928634,41.65300466513653,7.0,1.0,1,5.0,1,r=11;g=11;b=0,127.4411531679353,59.246524810791016,22.019033432006836,2324.7685546875,3987251.3591651917,186.06878491862653,0.3116357976563294,0.325461967049405
ID2033,2033,2,-1.0,38.571004319952486,32.775003670800416,9.0,1.0,1,5.0,1,r=11;g=11;b=0,169.08826443765483,57.58100509643555,22.35921859741211,2916.14111328125,5290264.529460907,292.04961728216574,0.4059690995592876,0.3343520753315944
ID2354,2354,25,-1.0,26.427002959824332,20.585002305520263,11.0,1.0,1,5.0,1,r=11;g=11;b=0,202.2693329308548,69.96302795410156,20.738433837890625,2979.674560546875,6328400.619407654,317.27930278666173,0.46054600628699516,0.40204630436331046
ID2228,2228,17,-1.0,39.9510044745125,29.095003258640368,9.0,1.0,1,5.0,1,r=11;g=11;b=0,174.72560917615974,60.527183532714844,20.516674041748047,2916.14111328125,5466640.13429451,299.250504767589,0.42025121203161014,0.3455377280657673
ID2102,2102,7,-1.0,46.89700525246459,34.707003887184435,8.0,1.0,1,5.0,1,r=11;g=11;b=0,154.74559264024998,65.68910217285156,19.7359676361084,1976.5616455078125,4841525.356935501,225.11347695537216,0.33311186512405455,0.34353445128201854
ID2422,2422,32,-1.0,17.733001986096223,14.835001661520186,14.0,1.0,1,5.0,1,r=11;g=11;b=0,145.42093050018477,52.21605682373047,22.385425567626953,2770.714599609375,4549784.65255928,279.14868741520934,0.3188292400143755,0.2518783857643061
ID2296,2296,21,-1.0,28.313003171056355,22.471002516752286,12.0,1.0,1,5.0,1,r=11;g=11;b=0,183.86340580065215,56.404197692871094,21.634300231933594,3312.84521484375,5752534.377285004,330.04145613042783,0.40984489014438324,0.32389555786099145
ID2169,2169,14,-1.0,49.01300548945662,40.73300456209651,7.0,1.0,1,5.0,1,r=11;g=11;b=0,139.07759969526404,57.89004898071289,19.7359676361084,2324.7685546875,4351320.861665726,206.39960528230964,0.3385232187637696,0.34083239981198826
ID2042,2042,3,-1.0,43.079004824848546,36.179004052048455,8.0,1.0,1,5.0,1,r=11;g=11;b=0,183.4959267252841,63.73654556274414,19.7359676361084,2916.14111328125,5741037.059453964,296.35326032459204,0.4356756621465486,0.3757973177875904
ID2107,2107,8,-1.0,48.78300546369662,35.62700399022445,7.0,1.0,1,5.0,1,r=11;g=11;b=0,148.9805851150924,66.77928161621094,19.7359676361084,2324.7685546875,4661155.566495895,217.13832450998757,0.3187237796699987,0.33165291458727303
ID2177,2177,15,-1.0,53.13000595056067,43.67700489182455,7.0,2.0,2,5.0,1,r=11;g=11;b=0,161.67495371673786,94.70430755615234,49.6133918762207,2721.121826171875,5058324.276935577,213.51756138218195,0.23714353172747962,0.29028883664544936
ID2306,2306,22,-1.0,34.89100390779244,22.33300250129628,13.0,2.0,2,5.0,1,r=11;g=11;b=0,170.22376488817807,93.74040222167969,46.88191604614258,1711.167724609375,5325790.932056427,205.02855638064892,0.21018615629628762,0.28839502298610625
ID2373,2373,27,-1.0,25.691002877392325,19.113002140656242,11.0,2.0,2,5.0,1,r=11;g=11;b=0,211.45458373550366,108.41524505615234,47.901588439941406,1986.4359130859375,6615779.561332703,245.3464326414445,0.31710035805909526,0.414997247698404
ID2437,2437,33,-1.0,18.101002027312227,14.191001589392178,12.0,2.0,2,5.0,1,r=11;g=11;b=0,187.06068120801513,101.60810089111328,54.959747314453125,1882.2642822265625,5852567.53295517,217.1888475090128,0.27491252825428675,0.37144039240149407
ID2376,2376,28,-1.0,24.081002697072304,17.779001991248222,11.0,2.0,2,5.0,1,r=11;g=11;b=0,201.63898417259804,102.91221618652344,47.901588439941406,1986.4359130859375,6308678.897808075,236.83449895750252,0.29550266715621737,0.38840304423903793
ID2316,2316,23,-1.0,33.787003784144424,20.539002300368256,12.0,2.0,2,5.0,1,r=11;g=11;b=0,178.94265643457638,94.40577697753906,43.11404800415039,1970.354248046875,5598578.891868591,210.5821853420883,0.2331708805817464,0.3213462967843294
ID2061,2061,4,-1.0,45.37900508244857,35.07500392840044,8.0,2.0,2,5.0,1,r=11;g=11;b=0,217.93353861045125,105.56050872802734,43.244712829589844,2572.361083984375,6818486.622505188,273.6056553867301,0.35107120371491535,0.413948169994371
ID2191,2191,16,-1.0,60.81827953892004,40.678640919644145,6.0,2.0,2,5.0,1,r=11;g=11;b=0,158.73007481212557,96.56107330322266,0.0,1228.2330322265625,4966187.850646973,161.5832559197204,0.2576607380714799,0.40251086232512207
ID2447,2447,34,-1.0,20.72300232097626,16.49100184699221,11.0,2.0,2,5.0,1,r=11;g=11;b=0,178.5415350716207,96.64444732666016,47.65410232543945,1730.0802001953125,5586029.007785797,207.50537422717264,0.23249749701427297,0.32461766300836353
ID2387,2387,29,-1.0,30.337003397744382,18.561002078832235,12.0,2.0,2,5.0,1,r=11;g=11;b=0,204.68178890402748,100.44697570800781,49.81266403198242,1986.4359130859375,6403879.129440308,236.2207371606946,0.30764627031849145,0.4077111176667187
ID2132,2132,11,-1.0,53.337005973744674,38.939004361168486,6.0,2.0,2,5.0,1,r=11;g=11;b=0,190.51099889637408,104.30726623535156,0.0,2721.121826171875,5960517.622470856,235.92600561789604,0.3209785149117995,0.3924229915526232
ID2007,2007,0,-1.0,40.96300458785652,34.98300391809644,8.0,2.0,2,5.0,1,r=11;g=11;b=0,215.88093461477354,108.54714965820312,43.244712829589844,2572.361083984375,6754266.801292419,271.80661443208743,0.3673305537069731,0.42674436896359974
ID2073,2073,5,-1.0,43.81500490728055,34.15500382536043,7.0,2.0,2,5.0,1,r=11;g=11;b=0,221.73620066934012,108.94764709472656,43.244712829589844,2572.361083984375,6937460.510341644,275.9603950940673,0.384387903785849,0.446202250103217
ID2266,2266,19,-1.0,38.433004304496485,26.519002970128334,9.0,2.0,2,5.0,1,r=11;g=11;b=0,170.28577580209486,96.32667541503906,37.56380081176758,1888.5184326171875,5327731.067520142,214.0274666919679,0.22189707459112745,0.2889720298133257
ID2462,2462,36,-1.0,18.331002053072233,11.477001285424146,13.0,2.0,2,5.0,1,r=11;g=11;b=0,184.9399407418755,101.0551528930664,57.328102111816406,1882.2642822265625,5786215.925991058,214.63359560658188,0.25957616805477896,0.355143107759227
ID2144,2144,12,-1.0,54.21100607163269,41.101004603312525,6.0,2.0,2,5.0,1,r=11;g=11;b=0,181.97834923582315,105.47183990478516,0.0,2721.121826171875,5693556.612541199,223.5590209687791,0.30754047861008904,0.38291701178155935
ID2275,2275,20,-1.0,37.69700422206447,25.967002908304327,10.0,2.0,2,5.0,1,r=11;g=11;b=0,177.80167494369772,95.20028686523438,37.56380081176758,1888.5184326171875,5562881.00396347,230.45391494614458,0.23803867590657687,0.2966846429854734
ID2409,2409,31,-1.0,28.359003176208358,16.951001898512214,12.0,2.0,2,5.0,1,r=11;g=11;b=0,201.76311902042454,98.14884185791016,47.901588439941406,1986.4359130859375,6312562.704792023,240.2466791794021,0.2961783505525371,0.3837981986922932
ID2475,2475,37,-1.0,19.757002212784247,11.89100133179215,13.0,2.0,2,5.0,1,r=11;g=11;b=0,181.57837919451708,98.52576446533203,54.959747314453125,1882.2642822265625,5681042.749858856,215.32325092504772,0.24316519200897244,0.3298950270486976
ID2157,2157,13,-1.0,51.497005767664646,43.12500483000054,7.0,2.0,2,5.0,1,r=11;g=11;b=0,161.4886929986956,93.56588745117188,55.53484344482422,2721.121826171875,5052496.737850189,213.56644680826025,0.23832795891720482,0.2910572409680587
ID2031,2031,2,-1.0,39.03100437147249,33.32700373262442,9.0,2.0,2,5.0,1,r=11;g=11;b=0,205.09521977711788,102.30758666992188,43.244712829589844,2572.361083984375,6416814.141166687,269.993932108127,0.3287366496788568,0.3758726628822391
ID2352,2352,25,-1.0,27.255003052560344,20.953002346736262,11.0,2.0,2,5.0,1,r=11;g=11;b=0,209.97176925662106,111.05803680419922,47.901588439941406,1986.4359130859375,6569386.744731903,238.5041141333697,0.3175602268976282,0.42437584431934317
ID2100,2100,7,-1.0,47.8630053606566,35.62700399022445,8.0,2.0,2,5.0,1,r=11;g=11;b=0,177.03693061216788,99.34571838378906,53.46669387817383,1966.344970703125,5538954.448062897,202.58679383138076,0.23031319095036035,0.32717933686308737
ID2230,2230,17,-1.0,40.549004541488515,29.693003325616374,8.0,2.0,2,5.0,1,r=11;g=11;b=0,197.0612470307568,103.59078979492188,37.56380081176758,2572.361083984375,6165455.235851288,261.7121922990672,0.31207792399492384,0.35818771526478244
ID2294,2294,21,-1.0,28.359003176208358,23.8510026713123,13.0,2.0,2,5.0,1,r=11;g=11;b=0,147.7159308517875,91.43124389648438,56.93291473388672,1970.354248046875,4621588.3285598755,171.82266692732867,0.11873920097955219,0.18249129019711574
ID2167,2167,14,-1.0,50.669005674928634,41.51500464968053,7.0,2.0,2,5.0,1,r=11;g=11;b=0,177.2671867147725,98.59132385253906,57.65644836425781,2721.121826171875,5546158.470745087,226.19658133132438,0.2814328570910774,0.3442320120493553
ID2040,2040,3,-1.0,43.63100488667255,36.63900410356846,8.0,2.0,2,5.0,1,r=11;g=11;b=0,211.47638701612252,103.49461364746094,43.244712829589844,2572.361083984375,6616461.720573425,269.19792496206054,0.34156966169162456,0.4000241681956773
ID2424,2424,32,-1.0,18.92900212004824,15.8010017697122,12.0,2.0,2,5.0,1,r=11;g=11;b=0,176.4834655578586,95.26424407958984,54.959747314453125,1882.2642822265625,5521638.186908722,209.23596666184497,0.23255370130783237,0.318284203549015
ID2364,2364,26,-1.0,26.88700301134434,19.389002171568244,10.0,2.0,2,5.0,1,r=11;g=11;b=0,215.93099596518152,115.6184310913086,47.901588439941406,1986.4359130859375,6755833.070762634,243.79815385402037,0.33635854537837734,0.44585541078810303
ID2109,2109,8,-1.0,49.97900559764863,36.50100408811246,7.0,2.0,2,5.0,1,r=11;g=11;b=0,175.952665629466,99.91864013671875,53.46669387817383,2324.179931640625,5505031.049549103,197.15452521664838,0.23834624997591677,0.34354634038124854
ID2191,2185,16,-1.0,63.56155257343934,40.946277313255784,6.0,3.0,3,5.0,1,r=11;g=11;b=0,117.35598059397559,43.242000579833984,0.0,2632.981201171875,3671716.5648437142,240.3568461281984,0.37616707669026417,0.2669244423242064
ID2059,2059,4,-1.0,47.679005340048604,36.179004052048455,8.0,3.0,3,5.0,1,r=11;g=11;b=0,191.67253046968196,57.65165710449219,13.727691650390625,3072.99853515625,5996858.460804939,340.3042073355751,0.3992653843128329,0.32142830810334677
ID2445,2445,34,-1.0,21.505002408560273,17.089001913968215,12.0,3.0,3,5.0,1,r=11;g=11;b=0,138.27924742204718,43.08677673339844,9.755413055419922,2081.018310546875,4326342.81409359,259.110926180128,0.3684610247845675,0.2873825533646772
ID2256,2256,18,-1.0,38.70900433540849,31.9010035729124,11.0,3.0,3,5.0,1,r=11;g=11;b=0,148.94765100083782,46.4718132019043,14.543065071105957,2410.7568359375,4660125.156863213,270.229520292955,0.3683284621484552,0.29673978860462225
ID2385,2385,29,-1.0,30.429003408048384,19.711002207632244,12.0,3.0,3,5.0,1,r=11;g=11;b=0,167.06287827587624,51.34843826293945,11.163965225219727,1795.4168701171875,5226896.27261734,260.2167056517436,0.4801534949054895,0.4165317587750858
ID2322,2322,23,-1.0,33.649003768688424,21.36700239310427,11.0,3.0,3,5.0,1,r=11;g=11;b=0,145.45899647313308,44.29374313354492,12.401837348937988,2205.6904296875,4550975.622654915,253.17264526601224,0.39996402636840966,0.32829015494005775
ID2134,2134,11,-1.0,54.99300615921669,39.21500439208049,8.0,3.0,3,5.0,1,r=11;g=11;b=0,158.21592082353035,52.579795837402344,9.783733367919922,2901.133056640625,4950101.514805794,284.04865570778543,0.29403349003767965,0.2531271464245708
ID2009,2009,0,-1.0,42.619004773328534,36.63900410356846,8.0,3.0,3,5.0,1,r=11;g=11;b=0,190.63591550389984,60.7357063293457,13.727691650390625,3072.99853515625,5964425.888370514,339.81709227599833,0.4455394516752931,0.34581650536389014
ID2075,2075,5,-1.0,46.20700517518458,34.89100390779244,7.0,3.0,3,5.0,1,r=11;g=11;b=0,195.1967325031645,57.07768249511719,13.727691650390625,3072.99853515625,6107120.169826508,353.30769561317607,0.4216557245276127,0.3277275902638696
ID2464,2464,36,-1.0,19.757002212784247,11.569001295728146,11.0,3.0,3,5.0,1,r=11;g=11;b=0,147.14567677105293,45.714603424072266,12.863478660583496,2142.335205078125,4603746.789135933,269.95163608329335,0.4168692913973865,0.3207462997689034
ID2146,2146,12,-1.0,55.4070062055847,41.00900459300851,7.0,3.0,3,5.0,1,r=11;g=11;b=0,159.08177308572633,60.801143646240234,9.783733367919922,2901.133056640625,4977191.434533119,274.4655327898859,0.2945085814949463,0.2637276257040279
ID2277,2277,20,-1.0,39.5370044281445,27.80700311438435,9.0,3.0,3,5.0,1,r=11;g=11;b=0,140.8909035904675,47.2974853515625,14.824079513549805,2026.41162109375,4408053.700634956,255.53367947302982,0.34605607626156376,0.2834967784112601
ID2023,2023,1,-1.0,41.97500470120053,35.16700393870445,9.0,3.0,3,5.0,1,r=11;g=11;b=0,203.86008052763137,69.11963653564453,12.573586463928223,3072.99853515625,6378170.339468002,346.2591855681826,0.5185020139675186,0.4020647131058787
ID2407,2407,31,-1.0,28.26700316590436,17.82500199640023,12.0,3.0,3,5.0,1,r=11;g=11;b=0,160.83799606077196,46.30472946166992,10.358736038208008,2081.018310546875,5032138.382753372,269.96671507674495,0.4500711968919841,0.3698284533130985
ID2155,2155,13,-1.0,53.93500604072069,43.585004881520554,8.0,3.0,3,5.0,1,r=11;g=11;b=0,133.73128698765802,47.27703857421875,9.783733367919922,2901.133056640625,4184050.7759828568,258.7035146715119,0.2686657280257439,0.21894032212498055
ID2029,2029,2,-1.0,40.04300448481651,35.259003949008445,10.0,3.0,3,5.0,1,r=11;g=11;b=0,174.3255538794728,51.61372375488281,14.939498901367188,3072.99853515625,5454123.604227066,320.79870021279424,0.45790761241800315,0.3413550319950205
ID2350,2350,25,-1.0,27.20900304740834,21.64300242401627,11.0,3.0,3,5.0,1,r=11;g=11;b=0,161.31405437117238,51.672664642333984,10.358736038208008,2053.2021484375,5047032.81911087,258.5859766251064,0.4543909452699736,0.38980350495544025
ID2481,2481,37,-1.0,19.94100223339225,12.351001383312155,12.0,3.0,3,5.0,1,r=11;g=11;b=0,148.8700352490232,45.40430450439453,12.863478660583496,2142.335205078125,4657696.792836189,270.61494056900557,0.41997620853950207,0.3254086830563004
ID2098,2098,7,-1.0,49.519005546128625,36.22500405720046,8.0,3.0,3,5.0,1,r=11;g=11;b=0,158.28134923150893,52.44502639770508,13.727691650390625,2353.292236328125,4952148.5734062195,278.33263431592644,0.2832429104067935,0.25104165186457555
ID2292,2292,21,-1.0,28.911003238032364,23.7590026610083,13.0,3.0,3,5.0,1,r=11;g=11;b=0,125.56637596618441,42.22358703613281,11.163965225219727,1737.949462890625,3928595.2048540115,223.78275659422926,0.3194552190885287,0.2717015205650699
ID2358,2358,26,-1.0,27.02500302680034,20.033002243696256,10.0,3.0,3,5.0,1,r=11;g=11;b=0,174.4179547487857,63.42478561401367,9.755413055419922,2081.018310546875,5457014.550225258,270.56317821201026,0.4864601100959977,0.42193588985424496
ID2232,2232,17,-1.0,41.469004644528525,30.98100346987239,8.0,3.0,3,5.0,1,r=11;g=11;b=0,171.1337832026473,56.89741897583008,13.853129386901855,3072.99853515625,5354262.675061226,306.4683113915393,0.4344739004018596,0.33826044306737735
ID2426,2426,32,-1.0,19.66500220248025,16.1230018057762,12.0,3.0,3,5.0,1,r=11;g=11;b=0,140.4598690253584,43.01052474975586,9.755413055419922,2142.335205078125,4394567.922196388,260.61774872161584,0.39269613493776706,0.3039334657296401
ID2046,2046,3,-1.0,44.91900503092857,38.01900425812848,8.0,3.0,3,5.0,1,r=11;g=11;b=0,183.60884031891445,55.75634765625,13.727691650390625,3072.99853515625,5744569.787057877,336.4137285609177,0.3921197316741643,0.3074623770575502
ID2111,2111,8,-1.0,52.18700584494465,36.409004077808454,7.0,3.0,3,5.0,1,r=11;g=11;b=0,138.98245232234876,48.60300064086914,12.72237491607666,2234.282958984375,4348343.985809326,237.35471292043718,0.1882153630421221,0.1855034594080287
ID2175,2175,15,-1.0,55.8210062519527,44.91900503092857,8.0,3.0,3,5.0,1,r=11;g=11;b=0,132.40600409187545,46.42538833618164,9.783733367919922,2901.133056640625,4142586.6500225067,263.8867813374147,0.2970741776364126,0.22983709770683677
ID2303,2303,22,-1.0,35.949004026288456,23.069002583728288,13.0,3.0,3,5.0,1,r=11;g=11;b=0,117.80717485758093,39.282344818115234,12.882442474365234,2205.6904296875,3685833.0797691345,239.26505892012528,0.3010134465039266,0.22783821369413979
ID2048,2048,3,-1.0,48.967005484304615,32.49900363988841,9.0,4.0,4,5.0,1,r=11;g=11;b=0,214.56629410567928,65.85548400878906,0.0,4161.73095703125,6713135.643684387,365.6245785273219,0.5608223525243576,0.42172364555132624
ID2113,2113,8,-1.0,55.49900621588869,32.49900363988841,9.0,4.0,4,5.0,1,r=11;g=11;b=0,177.7847986567888,54.389923095703125,0.0,2944.603759765625,5562352.995574951,308.82896456644414,0.42098252742584585,0.3411001637176141
ID2118,2118,9,-1.0,55.22300618497669,35.67300399537645,9.0,4.0,4,5.0,1,r=11;g=11;b=0,182.37158693364867,54.61627960205078,0.0,2944.603759765625,5705859.840393066,323.3603163234741,0.4535318675399951,0.35195221467173465
ID2055,2055,4,-1.0,51.26700574190465,30.475003413200387,9.0,4.0,4,5.0,1,r=11;g=11;b=0,201.38261890009022,57.37955856323242,0.0,4161.73095703125,6300657.9975271225,347.67145933387167,0.5071471371512458,0.3898174397832246
ID2250,2250,18,-1.0,42.34300474241654,26.93300301649634,12.0,4.0,4,5.0,1,r=11;g=11;b=0,150.62312445669673,50.24315643310547,6.591124534606934,3617.930419921875,4712545.694876671,275.4862977014432,0.4198287104335432,0.32333880315179653
ID2443,2443,34,-1.0,24.49500274344031,11.84500132664015,12.0,4.0,4,5.0,1,r=11;g=11;b=0,151.2217181011247,51.8771858215332,16.017610549926758,3000.765869140625,4731273.894229889,270.8422360306883,0.4157557177114847,0.3279273801290476
ID2191,2189,16,-1.0,67.04082569039066,35.79427673623172,8.0,4.0,4,5.0,1,r=11;g=11;b=0,168.52389141520112,54.5432014465332,0.0,3026.656494140625,5272606.990707397,301.5101044265997,0.5669289070011874,0.4044537929880053
ID2383,2383,29,-1.0,33.92500379960043,14.605001635760184,12.0,4.0,4,5.0,1,r=11;g=11;b=0,141.70953625047957,72.70823669433594,13.321345329284668,2093.8828125,4433666.260668755,179.9775380137771,0.4478992760263199,0.487138859861156
ID2325,2325,23,-1.0,37.23700417054447,16.49100184699221,13.0,4.0,4,5.0,1,r=11;g=11;b=0,113.95596028812994,50.921119689941406,15.409592628479004,1234.64013671875,3565340.1295347214,155.6699606044548,0.324407811837094,0.35861776141942875
ID2136,2136,11,-1.0,59.36300664865674,34.79900389748844,8.0,4.0,4,5.0,1,r=11;g=11;b=0,178.13819558717918,57.87224197387695,0.0,2944.603759765625,5573409.725336075,307.9189268156298,0.43894677491419387,0.3529537434742339
ID2264,2264,19,-1.0,43.03300481969655,23.391002619792296,11.0,4.0,4,5.0,1,r=11;g=11;b=0,129.60276383393776,49.79533386230469,11.238388061523438,1966.4451904296875,4054881.6720724106,225.29637957596609,0.3645353900846662,0.30735829565985795
ID2011,2011,0,-1.0,46.57500521640059,31.7630035574564,10.0,4.0,4,5.0,1,r=11;g=11;b=0,201.4249040443183,64.39212036132812,4.883554935455322,4161.73095703125,6301980.972834587,350.8306984138225,0.5287907657075924,0.3971745248926073
ID2077,2077,5,-1.0,49.05900549460862,29.831003341072375,9.0,4.0,4,5.0,1,r=11;g=11;b=0,211.19549091785788,61.52918243408203,0.0,4161.73095703125,6607673.324347019,368.93074823379783,0.5569196620027055,0.4095398173522917
ID2398,2398,30,-1.0,33.55700375838442,13.40900150180817,12.0,4.0,4,5.0,1,r=11;g=11;b=0,136.05014966329549,59.89012145996094,13.321345329284668,2219.5625,4256601.032515526,195.6243996008403,0.42670610456997443,0.4160067084941321
ID2466,2466,36,-1.0,23.621002645552295,7.429000832048094,11.0,4.0,4,5.0,1,r=11;g=11;b=0,161.17983928513016,55.946372985839844,16.63773536682129,3000.765869140625,5042833.631713867,283.38633817903707,0.45494939882324237,0.3556943860144209
ID2148,2148,12,-1.0,60.46700677230476,36.409004077808454,8.0,4.0,4,5.0,1,r=11;g=11;b=0,202.19218046028814,69.35893249511719,0.0,3026.656494140625,6325986.750061035,341.83937957452815,0.5278183420914512,0.4086815373852013
ID2021,2021,1,-1.0,45.10300505153656,30.475003413200387,11.0,4.0,4,5.0,1,r=11;g=11;b=0,188.0943642474777,62.3162956237793,4.883554935455322,4161.73095703125,5884908.3742108345,336.4902997615458,0.48938372189197116,0.36734670313755086
ID2405,2405,31,-1.0,31.5790035368484,12.489001398768158,12.0,4.0,4,5.0,1,r=11;g=11;b=0,141.9738421142168,58.746673583984375,13.321345329284668,2219.5625,4441935.598227501,219.54889157216525,0.4153589266779521,0.3795456710835623
ID2153,2153,13,-1.0,59.317006643504754,40.36500452088051,8.0,4.0,4,5.0,1,r=11;g=11;b=0,139.8037383149057,43.23146057128906,0.0,3026.656494140625,4374039.560658455,292.44533749805544,0.3607437105729366,0.25346996848385467
ID2347,2347,25,-1.0,30.88900345956839,16.399001836688207,12.0,4.0,4,5.0,1,r=11;g=11;b=0,141.81942447399967,71.21171569824219,13.321345329284668,2219.5625,4437104.333518028,196.11908910813702,0.4317414799255865,0.43611900773734424
ID2286,2286,22,-1.0,39.2610043972325,18.33100205307223,13.0,4.0,4,5.0,1,r=11;g=11;b=0,102.39314573224989,44.662559509277344,13.21174144744873,1560.333251953125,3203574.3505249023,158.34834253784487,0.26844220903007354,0.27369538729231707
ID2096,2096,7,-1.0,53.337005973744674,32.085003593520405,9.0,4.0,4,5.0,1,r=11;g=11;b=0,188.1533650091519,58.968955993652344,0.0,2384.211669921875,5886754.331041336,305.11297936178875,0.4614983218626341,0.38945125518544504
ID2288,2288,21,-1.0,32.453003634736405,19.205002150960244,13.0,4.0,4,5.0,1,r=11;g=11;b=0,104.71825976778236,48.90536117553711,15.409592628479004,1293.6768798828125,3276320.1933546066,137.4217287259861,0.27194287022753966,0.3258420101372867
ID2483,2483,37,-1.0,22.425002511600283,6.877000770224087,12.0,4.0,4,5.0,1,r=11;g=11;b=0,184.24395130648955,57.68522262573242,11.498526573181152,3000.765869140625,5764440.504526138,321.23395821611365,0.5086357651667784,0.38674462000153137
ID2360,2360,26,-1.0,31.349003511088394,14.743001651216185,12.0,4.0,4,5.0,1,r=11;g=11;b=0,152.61555484758074,77.66779327392578,13.321345329284668,2219.5625,4774882.864516258,214.26985874036532,0.46470618740751674,0.4519554742951993
ID2234,2234,17,-1.0,44.82700502062456,26.28900294436833,10.0,4.0,4,5.0,1,r=11;g=11;b=0,172.88041025252517,58.600772857666016,6.591124534606934,4161.73095703125,5408909.395570755,320.24194600128567,0.491486893564556,0.35578699031478483
ID2428,2428,32,-1.0,23.391002619792296,10.741001202992134,12.0,4.0,4,5.0,1,r=11;g=11;b=0,162.77441849417306,55.78178405761719,14.668256759643555,3000.765869140625,5092723.231427193,284.59888521775304,0.45529340567739424,0.357868730178201
ID2050,2050,3,-1.0,47.679005340048604,41.055004598160515,9.0,5.0,5,5.0,1,r=11;g=11;b=0,152.5394867764043,49.22755432128906,12.816503524780273,2715.359375,4772502.922773361,269.1517019316691,0.38215386497643744,0.3133985695700551
ID2116,2116,9,-1.0,52.73900590676866,43.17100483515255,9.0,5.0,5,5.0,1,r=11;g=11;b=0,140.09728378569378,41.46650314331055,10.431548118591309,2715.359375,4383223.717803001,282.7695607794277,0.3080917580765193,0.23338284235348336
ID2053,2053,4,-1.0,50.07100560795263,38.47900430964848,9.0,5.0,5,5.0,1,r=11;g=11;b=0,163.1576034488776,54.517127990722656,10.431548118591309,2715.359375,5104711.939105034,286.02230432674565,0.41373076313937346,0.33387854927466365
ID2440,2440,34,-1.0,24.0350026919203,18.791002104592234,12.0,5.0,5,5.0,1,r=11;g=11;b=0,127.3956921324122,42.984375,9.154163360595703,3101.653564453125,3985829.0197467804,250.2124153077431,0.32884696007632946,0.25199663840694797
ID2381,2381,29,-1.0,33.32700373262442,21.45900240340827,11.0,5.0,5,5.0,1,r=11;g=11;b=0,178.57312312391196,53.60449981689453,12.606528282165527,2807.468994140625,5587017.303177834,291.10738279526737,0.5191825297115109,0.41927887640347056
ID2254,2254,18,-1.0,40.411004526032514,34.201003830512434,10.0,5.0,5,5.0,1,r=11;g=11;b=0,123.86335159205376,43.36559295654297,7.197587013244629,1984.086181640625,3875312.681260586,212.4055662103047,0.3541741164575097,0.3050346955964342
ID2262,2262,19,-1.0,41.055004598160515,30.10700337198438,10.0,5.0,5,5.0,1,r=11;g=11;b=0,123.49825989285218,40.734222412109375,7.197587013244629,2280.855712890625,3863890.057267666,223.82273583413013,0.3490263527384246,0.2855120350471306
ID2328,2328,23,-1.0,35.99500403144046,23.345002614640293,11.0,5.0,5,5.0,1,r=11;g=11;b=0,140.5275983487321,43.229713439941406,12.606528282165527,2212.525390625,4396686.969536781,248.1179989180796,0.3933348023428025,0.31977185738321523
ID2138,2138,11,-1.0,57.61500645288073,42.66500477848053,8.0,5.0,5,5.0,1,r=11;g=11;b=0,142.06376399660735,47.69584655761719,5.294980049133301,2511.52783203125,4444748.984161854,268.3590159928399,0.2866387843819306,0.23587148257062399
ID2191,2206,16,-1.0,66.30482560795866,44.82700502062456,8.0,5.0,5,5.0,1,r=11;g=11;b=0,135.3340771330029,44.49956130981445,12.782195091247559,2523.778564453125,4234197.271260262,252.58744684619734,0.4095036375422396,0.31132712506972887
ID2015,2015,0,-1.0,45.10300505153656,39.1230043817765,9.0,5.0,5,5.0,1,r=11;g=11;b=0,151.51486518675878,57.511566162109375,13.543381690979004,2037.1414794921875,4740445.587098122,242.21554011684876,0.40806878591713924,0.36257072992593614
ID2079,2079,5,-1.0,48.41500542248061,37.37500418600047,9.0,5.0,5,5.0,1,r=11;g=11;b=0,167.84530566532493,58.468082427978516,11.222615242004395,2715.359375,5251376.078351021,274.6274816629621,0.44619843642822293,0.37713371306803184
ID2400,2400,30,-1.0,32.13100359867241,20.447002290064262,11.0,5.0,5,5.0,1,r=11;g=11;b=0,178.01197635051855,51.1917839050293,12.606528282165527,3101.653564453125,5569460.704078674,307.7878729775207,0.5160986239669741,0.393761237063782
ID2019,2019,1,-1.0,43.99900492788855,37.743004227216474,9.0,5.0,5,5.0,1,r=11;g=11;b=0,153.68556887394715,59.688804626464844,8.432232856750488,2037.1414794921875,4808360.393359184,243.430649394026,0.43842457960545755,0.38485366401770627
ID2403,2403,31,-1.0,29.785003335920376,18.46900206852823,11.0,5.0,5,5.0,1,r=11;g=11;b=0,165.9189067360127,44.81414031982422,9.154163360595703,3101.653564453125,5191104.835049629,307.92349625617504,0.47064584077994215,0.3448809212213844
ID2340,2340,24,-1.0,34.66100388203244,23.299002609488294,12.0,5.0,5,5.0,1,r=11;g=11;b=0,164.68064055203683,48.91963195800781,12.606528282165527,2229.923828125,5152363.200951576,279.01795688201133,0.4760157253142377,0.3806893300193677
ID2468,2468,36,-1.0,22.425002511600283,14.23700159454418,11.0,5.0,5,5.0,1,r=11;g=11;b=0,138.1024748627252,46.20681381225586,10.89298152923584,2342.5205078125,4320812.131030083,253.47855306687728,0.38292847452206374,0.3017228355454025
ID2151,2151,12,-1.0,58.765006581680744,44.459004979408554,8.0,5.0,5,5.0,1,r=11;g=11;b=0,157.85790204736642,51.52507781982422,5.294980049133301,2523.778564453125,4938900.181355953,285.9206935534152,0.36941130098955655,0.29787016320963106
ID2345,2345,25,-1.0,29.739003330768377,22.931002568272287,13.0,5.0,5,5.0,1,r=11;g=11;b=0,170.55177289541086,47.235984802246094,12.606528282165527,3101.653564453125,5336053.31857872,302.9077856897243,0.4854878348144793,0.3680315494873024
ID2027,2027,2,-1.0,42.34300474241653,36.91500413448046,10.0,5.0,5,5.0,1,r=11;g=11;b=0,142.99194514606268,51.25161361694336,7.197587013244629,1984.086181640625,4473788.9877848625,234.41951673904666,0.42328529541361753,0.3628181650540276
ID2283,2283,22,-1.0,37.97300425297647,25.23100282587232,11.0,5.0,5,5.0,1,r=11;g=11;b=0,125.69771581548521,39.22751235961914,11.574488639831543,2280.855712890625,3932704.4347190857,241.18914780478005,0.3452538998161886,0.2675062612148118
ID2094,2094,7,-1.0,52.37100586555266,39.72100444875251,9.0,5.0,5,5.0,1,r=11;g=11;b=0,151.89481305367354,50.65762710571289,10.431548118591309,2715.359375,4752333.016010284,277.01686474123903,0.3663174543909423,0.29401719221799044
ID2290,2290,21,-1.0,31.119003485328392,26.105002923760328,13.0,5.0,5,5.0,1,r=11;g=11;b=0,116.41721644956161,39.97026824951172,14.116554260253906,2114.8056640625,3642345.451057434,218.17302450978042,0.2800261880320007,0.23346723931036167
ID2165,2165,14,-1.0,56.74100635499271,45.56300510305657,8.0,5.0,5,5.0,1,r=11;g=11;b=0,136.66087980814785,47.583831787109375,5.294980049133301,2346.78759765625,4275708.946557522,254.39143402456912,0.2962521095314562,0.2455521267087417
ID2485,2485,37,-1.0,21.45900240340827,13.685001532720174,12.0,5.0,5,5.0,1,r=11;g=11;b=0,143.29497325453528,44.31652069091797,10.89298152923584,2342.5205078125,4483269.828214645,268.7588512724967,0.4043752933424022,0.30704328780778944
ID2362,2362,26,-1.0,29.279003279248368,21.919002454928275,11.0,5.0,5,5.0,1,r=11;g=11;b=0,185.599781338418,59.360958099365234,9.154163360595703,3101.653564453125,5806860.3587350845,314.29904067635505,0.5255054862814176,0.40684396764713926
ID2237,2237,17,-1.0,43.21700484030454,32.95900369140842,10.0,5.0,5,5.0,1,r=11;g=11;b=0,134.83101721936532,47.58143615722656,7.197587013244629,1984.086181640625,4218458.035742283,225.38216383514407,0.3807933139074643,0.32995970103471073
ID2430,2430,32,-1.0,21.45900240340827,17.549001965488223,12.0,5.0,5,5.0,1,r=11;g=11;b=0,129.4882588304388,43.14129638671875,10.89298152923584,2113.4599609375,4051299.154027939,236.37257141036264,0.36331836661529093,0.2919801817310302
